"Ltot","ntot"
100.,44
125.89254117941661,60
158.48931924611142,81
199.5262314968879,121
251.1886431509582,162
316.2277660168379,220
398.1071705534969,297
501.18723362727246,400
630.957344480193,540
794.3282347242822,730
1000.,999
1258.9254117941662,1254
1584.8931924611143,1580
1995.2623149688789,1990
2511.8864315095825,2510
3162.2776601683795,3161
3981.0717055349696,3980
5011.872336272725,5010
6309.57344480193,6308
7943.282347242822,7942
10000.,9999
