"Ltot","ntot"
100.,42
125.89254117941661,60
158.48931924611142,78
199.5262314968879,120
251.1886431509582,156
316.2277660168379,204
398.1071705534969,270
501.18723362727246,360
630.957344480193,468
794.3282347242822,606
1000.,763
1258.9254117941662,954
1584.8931924611143,1127
1995.2623149688789,1290
2511.8864315095825,1400
3162.2776601683795,nan
3981.0717055349696,nan
5011.872336272725,nan
6309.57344480193,nan
7943.282347242822,nan
10000.,nan
