"Ltot","treeIndexing"
100.,3
125.89254117941661,1
158.48931924611142,1
199.5262314968879,2
251.1886431509582,2
316.2277660168379,2
398.1071705534969,2
501.18723362727246,2
630.957344480193,2
794.3282347242822,2
1000.,2
1258.9254117941662,2
1584.8931924611143,2
1995.2623149688789,2
2511.8864315095825,2
3162.2776601683795,nan
3981.0717055349696,nan
5011.872336272725,nan
6309.57344480193,nan
7943.282347242822,nan
10000.,nan
