"Ltot","mII/mI"
100.,0.25
125.89254117941661,0.25
158.48931924611142,0.25
199.5262314968879,0.25
251.1886431509582,0.25
316.2277660168379,0.25
398.1071705534969,0.25
501.18723362727246,0.25
630.957344480193,0.25
794.3282347242822,0.25
1000.,0.25
1258.9254117941662,0.25
1584.8931924611143,0.25
1995.2623149688789,0.2
2511.8864315095825,0.25
3162.2776601683795,nan
3981.0717055349696,nan
5011.872336272725,nan
6309.57344480193,nan
7943.282347242822,nan
10000.,nan
