"Ltot","mII"
100.,4
125.89254117941661,6
158.48931924611142,9
199.5262314968879,12
251.1886431509582,18
316.2277660168379,24
398.1071705534969,32
501.18723362727246,43
630.957344480193,57
794.3282347242822,76
1000.,113
1258.9254117941662,147
1584.8931924611143,184
1995.2623149688789,199
2511.8864315095825,247
3162.2776601683795,nan
3981.0717055349696,nan
5011.872336272725,nan
6309.57344480193,nan
7943.282347242822,nan
10000.,nan
