"Ltot","mI"
100.,56.
125.89254117941661,72.
158.48931924611142,88.
199.5262314968879,108.
251.1886431509582,136.
316.2277660168379,172.
398.1071705534969,216.
501.18723362727246,272.
630.957344480193,340.
794.3282347242822,412.
1000.,516.
1258.9254117941662,636.
1584.8931924611143,808.
1995.2623149688789,1005.
2511.8864315095825,996.
3162.2776601683795,nan
3981.0717055349696,nan
5011.872336272725,nan
6309.57344480193,nan
7943.282347242822,nan
10000.,nan
