"Ltot","mI"
100.,72.
125.89254117941661,93.
158.48931924611142,116.
199.5262314968879,144.
251.1886431509582,180.
316.2277660168379,208.
398.1071705534969,264.
501.18723362727246,308.
630.957344480193,392.
794.3282347242822,492.
1000.,620.
1258.9254117941662,780.
1584.8931924611143,988.
1995.2623149688789,1240.
2511.8864315095825,1504.
3162.2776601683795,1896.
3981.0717055349696,2356.
5011.872336272725,2856.
6309.57344480193,3657.
7943.282347242822,nan
10000.,nan
