"Ltot","mI"
100.,28.
125.89254117941661,36.
158.48931924611142,45.
199.5262314968879,60.
251.1886431509582,72.
316.2277660168379,96.
398.1071705534969,128.
501.18723362727246,172.
630.957344480193,228.
794.3282347242822,304.
1000.,452.
1258.9254117941662,588.
1584.8931924611143,736.
1995.2623149688789,995.
2511.8864315095825,988.
3162.2776601683795,nan
3981.0717055349696,nan
5011.872336272725,nan
6309.57344480193,nan
7943.282347242822,nan
10000.,nan
