"Ltot","mI"
100.,25.
125.89254117941661,35.
158.48931924611142,40.
199.5262314968879,55.
251.1886431509582,75.
316.2277660168379,95.
398.1071705534969,125.
501.18723362727246,156.
630.957344480193,208.
794.3282347242822,272.
1000.,364.
1258.9254117941662,496.
1584.8931924611143,652.
1995.2623149688789,936.
2511.8864315095825,1240.
3162.2776601683795,1644.
3981.0717055349696,2176.
5011.872336272725,2808.
6309.57344480193,3657.
7943.282347242822,nan
10000.,nan
