"Ltot","ntot"
100.,28
125.89254117941661,36
158.48931924611142,48
199.5262314968879,64
251.1886431509582,84
316.2277660168379,110
398.1071705534969,146
501.18723362727246,201
630.957344480193,267
794.3282347242822,357
1000.,492
1258.9254117941662,720
1584.8931924611143,920
1995.2623149688789,1110
2511.8864315095825,1235
3162.2776601683795,nan
3981.0717055349696,nan
5011.872336272725,nan
6309.57344480193,nan
7943.282347242822,nan
10000.,nan
