"Ltot","mI"
100.,14.
125.89254117941661,18.
158.48931924611142,24.
199.5262314968879,32.
251.1886431509582,42.
316.2277660168379,55.
398.1071705534969,73.
501.18723362727246,134.
630.957344480193,178.
794.3282347242822,238.
1000.,369.
1258.9254117941662,540.
1584.8931924611143,736.
1995.2623149688789,888.
2511.8864315095825,988.
3162.2776601683795,nan
3981.0717055349696,nan
5011.872336272725,nan
6309.57344480193,nan
7943.282347242822,nan
10000.,nan
