"Ltot","ntot"
100.,32
125.89254117941661,42
158.48931924611142,54
199.5262314968879,72
251.1886431509582,90
316.2277660168379,120
398.1071705534969,160
501.18723362727246,215
630.957344480193,285
794.3282347242822,380
1000.,565
1258.9254117941662,735
1584.8931924611143,920
1995.2623149688789,1194
2511.8864315095825,1235
3162.2776601683795,nan
3981.0717055349696,nan
5011.872336272725,nan
6309.57344480193,nan
7943.282347242822,nan
10000.,nan
