"Ltot","mI"
100.,35.
125.89254117941661,45.
158.48931924611142,60.
199.5262314968879,76.
251.1886431509582,102.
316.2277660168379,130.
398.1071705534969,168.
501.18723362727246,220.
630.957344480193,288.
794.3282347242822,408.
1000.,512.
1258.9254117941662,648.
1584.8931924611143,840.
1995.2623149688789,995.
2511.8864315095825,1050.
3162.2776601683795,nan
3981.0717055349696,nan
5011.872336272725,nan
6309.57344480193,nan
7943.282347242822,nan
10000.,nan
