"Ltot","ntot"
100.,70
125.89254117941661,90
158.48931924611142,110
199.5262314968879,135
251.1886431509582,170
316.2277660168379,215
398.1071705534969,270
501.18723362727246,340
630.957344480193,425
794.3282347242822,515
1000.,645
1258.9254117941662,795
1584.8931924611143,1010
1995.2623149688789,1206
2511.8864315095825,1245
3162.2776601683795,nan
3981.0717055349696,nan
5011.872336272725,nan
6309.57344480193,nan
7943.282347242822,nan
10000.,nan
