"Ltot","ntot"
100.,25
125.89254117941661,32
158.48931924611142,42
199.5262314968879,54
251.1886431509582,71
316.2277660168379,92
398.1071705534969,121
501.18723362727246,158
630.957344480193,207
794.3282347242822,271
1000.,357
1258.9254117941662,469
1584.8931924611143,619
1995.2623149688789,818
2511.8864315095825,1021
3162.2776601683795,1022
3981.0717055349696,nan
5011.872336272725,nan
6309.57344480193,nan
7943.282347242822,nan
10000.,nan
