"Ltot","ntot"
100.,27
125.89254117941661,35
158.48931924611142,46
199.5262314968879,60
251.1886431509582,80
316.2277660168379,105
398.1071705534969,139
501.18723362727246,183
630.957344480193,243
794.3282347242822,320
1000.,412
1258.9254117941662,508
1584.8931924611143,nan
1995.2623149688789,nan
2511.8864315095825,nan
3162.2776601683795,nan
3981.0717055349696,nan
5011.872336272725,nan
6309.57344480193,nan
7943.282347242822,nan
10000.,nan
