"Ltot","ntot"
100.,36
125.89254117941661,47
158.48931924611142,63
199.5262314968879,80
251.1886431509582,108
316.2277660168379,140
398.1071705534969,182
501.18723362727246,242
630.957344480193,320
794.3282347242822,459
1000.,585
1258.9254117941662,756
1584.8931924611143,980
1995.2623149688789,1194
2511.8864315095825,1225
3162.2776601683795,nan
3981.0717055349696,nan
5011.872336272725,nan
6309.57344480193,nan
7943.282347242822,nan
10000.,nan
