"Ltot","ntot"
100.,35
125.89254117941661,48
158.48931924611142,65
199.5262314968879,84
251.1886431509582,108
316.2277660168379,136
398.1071705534969,184
501.18723362727246,224
630.957344480193,264
794.3282347242822,343
1000.,364
1258.9254117941662,nan
1584.8931924611143,nan
1995.2623149688789,nan
2511.8864315095825,nan
3162.2776601683795,nan
3981.0717055349696,nan
5011.872336272725,nan
6309.57344480193,nan
7943.282347242822,nan
10000.,nan
