"Ltot","mII/mI"
100.,1.
125.89254117941661,1.
158.48931924611142,1.
199.5262314968879,1.
251.1886431509582,1.
316.2277660168379,1.
398.1071705534969,1.
501.18723362727246,1.
630.957344480193,1.
794.3282347242822,1.
1000.,1.
1258.9254117941662,1.
1584.8931924611143,0.5
1995.2623149688789,0.5
2511.8864315095825,0.3333333333333333
3162.2776601683795,0.3333333333333333
3981.0717055349696,0.25
5011.872336272725,0.25
6309.57344480193,0.24977402832178366
7943.282347242822,nan
10000.,nan
