"Ltot","mII"
100.,1
125.89254117941661,2
158.48931924611142,3
199.5262314968879,4
251.1886431509582,6
316.2277660168379,10
398.1071705534969,14
501.18723362727246,22
630.957344480193,32
794.3282347242822,51
1000.,73
1258.9254117941662,108
1584.8931924611143,140
1995.2623149688789,199
2511.8864315095825,175
3162.2776601683795,nan
3981.0717055349696,nan
5011.872336272725,nan
6309.57344480193,nan
7943.282347242822,nan
10000.,nan
