"Ltot","mII"
100.,25
125.89254117941661,33
158.48931924611142,43
199.5262314968879,56
251.1886431509582,74
316.2277660168379,96
398.1071705534969,127
501.18723362727246,166
630.957344480193,219
794.3282347242822,289
1000.,381
1258.9254117941662,505
1584.8931924611143,670
1995.2623149688789,893
2511.8864315095825,1021
3162.2776601683795,1022
3981.0717055349696,nan
5011.872336272725,nan
6309.57344480193,nan
7943.282347242822,nan
10000.,nan
