"Ltot","treeIndexing"
100.,3
125.89254117941661,3
158.48931924611142,3
199.5262314968879,8
251.1886431509582,8
316.2277660168379,8
398.1071705534969,8
501.18723362727246,8
630.957344480193,8
794.3282347242822,6
1000.,6
1258.9254117941662,6
1584.8931924611143,6
1995.2623149688789,6
2511.8864315095825,7
3162.2776601683795,nan
3981.0717055349696,nan
5011.872336272725,nan
6309.57344480193,nan
7943.282347242822,nan
10000.,nan
